Video,Views,
‡§∂‡•ç‡§∞‡•Ä ‡§π‡§®‡•Å‡§Æ‡§æ‡§® ‡§ö‡§æ‡§≤‡•Ä‡§∏‡§æ üå∫üôè| Shree Hanuman Chalisa Original Video | üå∫üôè| GULSHAN KUMAR | HARIHARAN |Full HD,"703,892,794",90872653476
Bad Bunny - Tit√≠ Me Pregunt√≥ (Video Oficial) | Un Verano Sin Ti,"608,315,708",
KAROL G - Provenza (Official Video),"586,414,651",
Bad Bunny (ft. Chencho Corleone) - Me Porto Bonito (Video Oficial) | Un Verano Sin Ti,"579,372,723",
"Srivalli (Video) | Pushpa | Allu Arjun, Rashmika Mandanna | Javed Ali | DSP | Sukumar","555,221,505",
Crazy Frog - Axel F (Official Video),"519,257,687",
"Pushpa: Saami Saami - Full Video Song | Allu Arjun, Rashmika Mandanna | Sunidhi C | DSP | Sukumar","507,656,693",
"We Don't Talk About Bruno (From ""Encanto"")","497,353,317",
Arabic Kuthu | Halamithi Habibo -Lyric Video| Beast| Thalapathy Vijay| Sun Pictures| Nelson| Anirudh,"493,702,757",
BLACKPINK - ‚ÄòPink Venom‚Äô M/V,"493,518,289",
Coke Studio | Season 14 | Pasoori | Ali Sethi x Shae Gill,"482,116,319",
"Shakira, Rauw Alejandro - Te Felicito (Official Video)","433,810,825",
Anitta - Envolver [Official Music Video],"427,629,611",
QUEVEDO || BZRP Music Sessions #52,"407,106,149",
El Chombo - Dame Tu Cosita feat. Cutty Ranks (Official Video) [Ultra Records],"399,998,035",
Harry Styles - As It Was (Official Video),"398,083,109",
PSY - 'That That (prod. & feat. SUGA of BTS)' MV,"386,680,385",
Shakira - Waka Waka (This Time for Africa) (The Official 2010 FIFA World Cup‚Ñ¢ Song),"385,894,960",
Mark Ronson - Uptown Funk (Official Video) ft. Bruno Mars,"376,552,774",
Kesariya - BrahmƒÅstra | Ranbir Kapoor | Alia Bhatt | Pritam | Arijit Singh | Amitabh Bhattacharya,"373,795,483",
The Weeknd - Save Your Tears (Official Music Video),"372,741,666",
Wiz Khalifa - See You Again ft. Charlie Puth [Official Video] Furious 7 Soundtrack,"367,547,802",
Luis Fonsi - Despacito ft. Daddy Yankee,"365,102,496",
Arabic Kuthu - Video Song | Beast | Thalapathy Vijay | Pooja Hegde | Sun Pictures | Nelson | Anirudh,"362,775,354",
LISA - 'MONEY' EXCLUSIVE PERFORMANCE VIDEO,"358,869,312",
"Oo Bolega ya Oo Oo Bolega Ft Samantha ( Full Video) Pushpa | Allu A, Rashmika|Kanika K, DSP, Sukumar","350,528,051",
BLACKPINK - 'How You Like That' DANCE PERFORMANCE VIDEO,"348,717,426",
PSY - GANGNAM STYLE(Í∞ïÎÇ®Ïä§ÌÉÄÏùº) M/V,"346,688,784",
Bad Bunny - Moscow Mule (Video Oficial) | Un Verano Sin Ti,"340,641,674",
Glass Animals - Heat Waves (Official Video),"340,025,471",
Rauw Alejandro & Chencho Corleone - Desesperados (Video Oficial),"333,406,395",
FROZEN | Let It Go Sing-along | Official Disney UK,"332,111,129",
Oo Antava Mawa..Oo Oo Antava Full Video Song | Pushpa Songs | Allu Arjun| DSP |Sukumar |Samantha,"331,390,198",
La Bachata - MTZ Manuel Turizo | Video Oficial,"326,042,841",
50 Cent - In Da Club (Official Music Video),"324,003,863",
MUSliM - Etnaset | Music Video - 2021 | ŸÖÿ≥ŸÑŸÖ - ÿßÿ™ŸÜÿ≥Ÿäÿ™,"318,105,165",
Elissa & Saad Lamjarred - Min Awel Dekika [Official Video] (2022) / ÿßŸÑŸäÿ≥ÿß Ÿàÿ≥ÿπÿØ ŸÑŸÖÿ¨ÿ±ÿØ - ŸÖŸÜ ÿ£ŸàŸÑ ÿØŸÇŸäŸÇÿ©,"315,814,407",
Rema - Calm Down (Official Music Video),"312,283,202",
Ed Sheeran - Shape of You (Official Music Video),"304,149,269",
Coolio - Gangsta's Paradise (feat. L.V.) [Official Music Video],"302,776,795",
BLACKPINK - ‚ÄòShut Down‚Äô M/V,"298,123,442",
"Tiago PZK, LIT killah, Maria Becerra, Nicki Nicole - Entre Nosotros REMIX (Video Oficial)","296,623,584",
Tayrone - C√™ T√° Preparada (Ao Vivo Em Goi√¢nia / 2021) ft. Marilia Mendon√ßa,"293,874,365",
295 (Official Audio) | Sidhu Moose Wala | The Kidd | Moosetape,"293,328,670",
"KAROL G, Mariah Angeliq - EL MAKINON (Official Video)","293,253,705",
Harrdy Sandhu - Bijlee Bijlee ft Palak Tiwari | Jaani | BPraak | Arvindr Khaira | Desi Melodies,"289,276,695",
Bad Bunny - Yonaguni (Video Oficial),"285,514,223",
"Post Malone, Swae Lee - Sunflower (Spider-Man: Into the Spider-Verse)","283,209,651",
Eden Mu√±oz - Chale (Video Oficial),"281,774,463",
Raataan Lambiyan ‚Äì Official Video | Shershaah | Sidharth ‚Äì Kiara | Tanishk B| Jubin Nautiyal |Asees,"281,008,791",
Ed Sheeran - Perfect (Official Music Video),"280,658,976",
Dwayne Johnson - You're Welcome (from Moana/Official Video),"278,978,691",
Charlie Puth - Left And Right (feat. Jung Kook of BTS) [Official Video],"278,787,586",
"Jessica Darrow - Surface Pressure (From ""Encanto"")","278,430,322",
BTS (Î∞©ÌÉÑÏÜåÎÖÑÎã®) 'Dynamite' Official MV,"277,267,271",
Ojitos Lindos,"276,573,799",
"Becky G, KAROL G - MAMIII (Audio)","274,290,955",
Z√© Felipe - Malvada (Videoclipe Oficial),"274,163,247",
Los √Ångeles Azules - Nunca Es Suficiente ft. Natalia Lafourcade (Live),"272,180,315",
Eminem - Without Me (Official Music Video),"271,759,064",
"No se habla de Bruno (De ""Encanto"")","267,067,770",
"Jhay Cortez, J. Balvin, Bad Bunny - No Me Conoce (Remix)","265,911,882",
"Billie Eilish, Khalid - lovely","262,058,178",
"Kusu Kusu Song Ft Nora Fatehi | Satyameva Jayate 2 | John A, Divya K | Tanishk B, Zahrah Khan, Dev N","260,792,505",
"Any Gabrielly - Saber Quem Sou (De ""Moana"")","259,796,866",
"Ryan Castro, Feid - Monastery (V√≠deo Oficial)","252,667,147",
Cris MJ - Una Noche En Medell√≠n (Official Music Video),"250,335,782",
"The Kid LAROI, Justin Bieber - STAY (Official Video)","247,911,065",
Gusttavo Lima - Termina Comigo Antes (Ao Vivo em Porto Alegre),"246,863,000",
"KAROL G, Maldy - Gat√∫bela (Official Video)","245,912,819",
The Gummy Bear Song - Long English Version,"244,941,261",
"Elton John, Dua Lipa - Cold Heart (PNAU Remix) (Official Video)","243,586,909",
ROSAL√çA - DESPECH√Å (Official Video),"243,544,856",
Justin Bieber - Baby ft. Ludacris,"240,243,867",
BAD BUNNY x JHAY CORTEZ - D√ÅKITI (Video Oficial),"240,204,487",
"Santa Fe Klan, Neto Pe√±a, Yoss Bones - Debo Entender","239,720,354",
Kalaavathi - Music Video | Sarkaru Vaari Paata | Mahesh Babu | Keerthy Suresh | Thaman S | Parasuram,"237,924,540",
Dr. Dre - Still D.R.E. ft. Snoop Dogg,"237,887,370",
Gusttavo Lima - Bloqueado (Buteco In Boston),"237,794,901",
Imagine Dragons - Believer (Official Music Video),"237,593,502",
BLACKPINK - 'Kill This Love' M/V,"237,553,487",
Tom Odell - Another Love (Official Video),"235,447,846",
Sebasti√°n Yatra - Tacones Rojos (Official Video),"235,353,720",
"Bhool Bhulaiyaa 2 (Title Track) Kartik A, Kiara A, Tabu |Pritam, Tanishk, Neeraj, Anees B, Bhushan K","234,522,566",
Dil Galti Kar Baitha Hai | Meet Bros Ft. Jubin Nautiyal | Mouni Roy | Manoj M | Ashish P | Bhushan K,"232,908,589",
Mustafa Ceceli & Nigar Muharrem- Salƒ±ncak,"232,825,158",
Coldplay - Hymn For The Weekend (Official Video),"232,203,297",
"O Antava Full Song | Pushpa Songs | Allu Arjun, Samantha | DSP | Sukumar | Indravathi Chauhan","230,083,590",
Imagine Dragons x J.I.D - Enemy (from the series Arcane League of Legends),"229,892,779",
OneRepublic - Counting Stars (Official Music Video),"229,283,280",
Dua Lipa - Levitating Featuring DaBaby (Official Music Video),"228,309,727",
"Tum Tum - Video Song | Enemy (Tamil) | Vishal,Arya | Anand Shankar | Vinod Kumar | Thaman S","227,383,945",
"Hugo e Guilherme, Mar√≠lia Mendon√ßa - Mal Feito - DVD Pr√≥ximo Passo","226,425,701",
Farruko - Pepas (Official Video),"225,091,333",
Arcangel x Bad Bunny X Dj Luian X Mambo Kingz - Tu No Vive Asi [Video oficial],"224,499,812",
Grupo Frontera - No Se Va (Video Oficial),"224,359,691",
Calibre 50 - Si Te Pudiera Mentir (LETRA),"223,958,112",
Ryan Castro - JORDAN üèÄ (Video Oficial),"222,372,600",
"#TilluAnnaDJPedithe Full Video Song |DJ Tillu Songs |Siddhu,Neha Shetty |Vimal Krishna |Ram Miriyala","221,670,897",
BLACKPINK - ‚ÄòÎöúÎëêÎöúÎëê (DDU-DU DDU-DU)‚Äô M/V,"221,624,283",
4 Non Blondes - What's Up (Official Music Video),"221,522,958",
Bad Bunny (ft. Chencho Corleone) - Me Porto Bonito (360¬∞ Visualizer) | Un Verano Sin Ti,"221,147,309",
Bad Bunny (ft. Bomba Est√©reo) - Ojitos Lindos (360¬∞ Visualizer) | Un Verano Sin Ti,"220,790,250",
Katy Perry - Dark Horse (Official) ft. Juicy J,"219,916,941",
#VIDEO | ‡§∞‡§æ‡§ú‡§æ ‡§ú‡•Ä ‡§ñ‡•Ç‡§® ‡§ï‡§à ‡§¶S | | #Shilpi Raj | #Raja Ji Khoon Kaida | #Bhojpuri Song | #Hit Song,"218,414,374",
Passenger | Let Her Go (Official Video),"215,563,279",
Dua Lipa - New Rules (Official Music Video),"215,350,745",
"Pedro Cap√≥, Farruko - Calma (Remix - Official Video)","215,116,241",
"Simone & Simaria, Z√© Felipe - Vontade de Morder","213,821,808",
"Stephanie Beatriz, Olga Merediz, Encanto - Cast - The Family Madrigal (From ""Encanto"")","213,133,685",
Bruno Mars - The Lazy Song (Official Music Video),"211,645,269",
Rick Astley - Never Gonna Give You Up (Official Music Video),"211,625,681",
KAROL G - BICHOTA (Official Video),"211,586,525",
Katy Perry - Roar (Official),"211,518,580",
"Naacho Naacho (Full Video) RRR - NTR, Ram Charan | M M Kreem | SS Rajamouli | Vishal Mishra & Rahul","210,901,272",
BLESSD ‚ùå JUSTIN QUILES ‚ùå LENNY TAVAREZ | üí• MEDALLO ( OFFICIAL VIDEO ),"210,225,914",
CantaJuego - Soy Una Taza (Version Mexico),"209,289,113",
Karim Mahmoud Abdelaziz Ft Mohamed Osama | ÿßŸÑÿ∫ÿ≤ÿßŸÑÿ© ÿ±ÿßŸäŸÇÿ© - ŸÉÿ±ŸäŸÖ ŸÖÿ≠ŸÖŸàÿØ ÿπÿ®ÿØ ÿßŸÑÿπÿ≤Ÿäÿ≤ ŸàŸÖÿ≠ŸÖÿØ ÿ£ÿ≥ÿßŸÖÿ©,"207,049,155",
Rihanna - Diamonds,"205,399,954",
Gotye - Somebody That I Used To Know (feat. Kimbra) [Official Music Video],"204,736,651",
"Myke Towers, Farruko, Arcangel, Sech & Zion - Si Se Da Remix (Video Oficial)","203,385,878",
Chatak Matak (Official Video) | Sapna Choudhary | Renuka Panwar | New Haryanvi Songs Haryanavi 2023,"202,109,812",
Ahmed Saad - Aleky Eyoun ( Full Version - 2022 ) ÿßÿ≠ŸÖÿØ ÿ≥ÿπÿØ - ÿπŸÑŸäŸÉŸä ÿπŸäŸàŸÜ,"200,428,677",
"Rema, Selena Gomez - Calm Down (Official Music Video)","200,067,804",
Nelly - Dilemma (Official Music Video) ft. Kelly Rowland,"199,882,076",
"Alex Rose ft. Cazzu, Lenny Tavarez, Lyanno & Rauw Alejandro - Toda (Remix) [Video Oficial]","199,392,433",
CantaJuego - El Baile del Gorila,"198,757,029",
Daddy Yankee & Snow - Con Calma (Video Oficial),"198,678,764",
LP - Lost On You (Live),"196,373,871",
(Ïó¨Ïûê)ÏïÑÏù¥Îì§((G)I-DLE) - 'TOMBOY' Official Music Video,"195,798,174",
Christina Perri - A Thousand Years [Official Music Video],"194,617,677",
KAROL G - EL BARCO,"194,464,137",
Kodak Black - Super Gremlin [Official Music Video],"194,412,708",
Jennifer Lopez - On The Floor ft. Pitbull,"193,710,928",
BTS (Î∞©ÌÉÑÏÜåÎÖÑÎã®) 'ÏûëÏùÄ Í≤ÉÎì§ÏùÑ ÏúÑÌïú Ïãú (Boy With Luv) (feat. Halsey)' Official MV,"192,818,432",
"Lut Gaye (Full Song) Emraan Hashmi, Yukti | Jubin N, Tanishk B, Manoj M | Bhushan K | Radhika-Vinay","192,193,901",
Nirvana - Smells Like Teen Spirit (Official Music Video),"191,751,827",
TONES AND I - DANCE MONKEY (OFFICIAL VIDEO),"191,738,813",
#AlaVaikunthapurramuloo - Ramuloo Ramulaa Full Video Song || Allu Arjun || Trivikram | Thaman S,"191,183,350",
Adele - Rolling in the Deep (Official Music Video),"191,172,931",
Ed Sheeran - Bad Habits [Official Video],"189,796,854",
THE LAST RIDE - Offical Video | Sidhu Moose Wala | Wazir Patar,"189,070,257",
Guns N' Roses - November Rain,"189,013,165",
52 GAJ KA DAMAN | PRANJAL DAHIYA | AMAN JAJI | RENUKA PANWAR | MUKESH JAJI | SAHIL SANDHU,"188,960,281",
"4*TOWN (From Disney and Pixar‚Äôs Turning Red) - Nobody Like U (From ""Turning Red"")","188,908,268",
Soolking - Suavemente [Clip Officiel],"188,340,835",
Eminem - Love The Way You Lie ft. Rihanna,"188,005,327",
Numb (Official Music Video) [4K UPGRADE] ‚Äì Linkin Park,"187,493,026",
Christian Nodal - Ya No Somos Ni Seremos (Video Oficial),"187,408,088",
Grupo Firme - Ya Superame - (Video Oficial),"187,196,518",
Natti Natasha x Becky G - Ram Pam Pam [Official Video],"187,017,689",
John Legend - All of Me (Official Video),"186,941,739",
a-ha - Take On Me (Official Video) [Remastered in 4K],"186,895,062",
"Aventura, Bad Bunny - Volv√≠ (Video Oficial)","186,579,173",
Rauw Alejandro - 2/Catorce (Video Oficial),"186,351,030",
Maroon 5 - Sugar (Official Music Video),"185,412,067",
twenty one pilots: Heathens (from Suicide Squad: The Album) [OFFICIAL VIDEO],"185,002,838",
"TINI, Maria Becerra - Mi√©nteme (Video Oficial)","184,856,712",
Sean Paul - No Lie (Official Music Video) ft. Dua Lipa,"182,874,891",
Ti√´sto & Karol G - Don't Be Shy (Official Music Video),"182,781,557",
BTS (Î∞©ÌÉÑÏÜåÎÖÑÎã®) 'Butter' Official MV,"182,462,305",
IVE ÏïÑÏù¥Î∏å 'LOVE DIVE' MV,"182,006,332",
BLACKPINK - 'Î∂êÎ∞îÏïº (BOOMBAYAH)' M/V,"181,530,931",
Alan Walker - Faded,"180,870,866",
#VIDEO | #Shilpi Raj ‡§ï‡§æ NEW ‡§∏‡•â‡§Ç‡§ó - ‡§∞‡•á‡§≤‡§ø‡§Ø‡§æ ‡§∞‡•á - #Shweta Mahara - Reliya Re | #Shilpi #BhojpuriSong,"179,879,655",
"Rei, Callejero Fino - Tu Turrito (Video Oficial)","179,213,453",
Henrique e Juliano - A MAIOR SAUDADE - DVD Manifesto Musical,"179,001,058",
LISA - 'LALISA' M/V,"178,446,952",
Rahat Fateh Ali Khan - Zaroori Tha,"178,333,879",
AC/DC - Thunderstruck (Official Video),"177,928,377",
Raataan Lambiyan - Lyric Video|Shershaah|Sidharth ‚Äì Kiara|Tanishk B.|Jubin|Asees,"177,533,540",
"Baarish Ban Jaana (Official Video) Payal Dev, Stebin Ben | Hina Khan, Shaheer Sheikh | Kunaal Vermaa","177,435,219",
"Chencho Corleone, Chris Jedi, Anuel AA , √ëengo Flow - La Llevo Al Cielo (Official Video)","177,245,856",
Whitney Houston - I Will Always Love You (Official 4K Video),"177,182,126",
"Tujh Mein Rab Dikhta Hai Song | Rab Ne Bana Di Jodi | Shah Rukh Khan, Anushka Sharma | Roop Kumar","176,639,242",
Shakira - Hips Don't Lie (Official 4K Video) ft. Wyclef Jean,"176,099,936",
Lil Nas X - Old Town Road (Official Video) ft. Billy Ray Cyrus,"175,779,858",
Rag'n'Bone Man - Human (Official Video),"175,065,490",
BTS (Î∞©ÌÉÑÏÜåÎÖÑÎã®) 'MIC Drop (Steve Aoki Remix)' Official MV,"175,027,579",
Rauw Alejandro - Todo de Ti (Video Oficial),"174,231,953",
"Diane Guerrero, Stephanie Beatriz - What Else Can I Do? (From ""Encanto"")","173,176,459",
#VIDEO | ‡§≤‡§µ‡§Ç‡§°‡§ø‡§Ø‡§æ ‡§≤‡§Ç‡§¶‡§® ‡§∏‡•á ‡§≤‡§æ‡§è‡§Å‡§ó‡•á | | #Ritesh Pandey | Lavandiya London Se - New Year Song 2021,"172,876,218",
LEVELS - Official Video | Sidhu Moose Wala ft Sunny Malton | The Kidd,"172,665,356",
Michael Jackson - Billie Jean (Official Video),"172,205,977",
"J Balvin, Maria Becerra - Qu√© M√°s Pues? (Official Video)","172,160,622",
BTS (Î∞©ÌÉÑÏÜåÎÖÑÎã®) 'Yet To Come (The Most Beautiful Moment)' Official MV,"171,810,705",
Ryan Castro - Mujeriego üíã (V√≠deo Oficial),"171,568,615",
Taylor Swift - Blank Space,"171,211,681",
Paulo Londra - Plan A (Official Video),"171,122,162",
ILLSLICK - ‡∏û‡∏¥‡∏û‡∏¥‡∏ò‡∏†‡∏±‡∏ì‡∏ë‡πå [Official Music Video],"170,752,360",
"#Video | ‡§π‡§Æ‡§ï‡•á ‡§¶‡•Å‡§≤‡•ç‡§π‡§ø‡§® ‡§¨‡§®‡§æ‡§≤S | #Ankush Raja, #Shilpi Raj | #Pallavi Giri | Bhojpuri Hit Song","170,719,846",
Adele - Easy On Me (Official Lyric Video),"170,435,907",
CKay - Love Nwantiti Remix ft. Joeboy & Kuami Eugene [Ah Ah Ah] [Official Music Video],"170,160,408",
"DANCE MERI RANI: Guru Randhawa Ft Nora Fatehi | Tanishk, Zahrah | Rashmi Virag, Bosco | Bhushan K","170,107,558",
Trem da Alegria - Yasmin Verissimo - M√∫sica Gospel Infantil 2,"169,938,711",
twenty one pilots: Stressed Out [OFFICIAL VIDEO],"169,819,462",
Melendi - Destino o Casualidad ft. Ha*Ash,"169,374,196",
Wegz - ElBakht | ŸàŸäÿ¨ÿ≤ - ÿßŸÑÿ®ÿÆÿ™ (Audio) prod. Rahal,"168,698,589",
I Don't Want To Talk About It (from One Night Only! Rod Stewart Live at Royal Albert Hall),"168,558,176",
"Enrique Iglesias - Bailando (Espa√±ol) ft. Descemer Bueno, Gente De Zona","168,498,149",
"DJ Snake - Taki Taki ft. Selena Gomez, Ozuna, Cardi B (Official Music Video)","167,945,262",
BAD BUNNY - CALLA√çTA (Video Oficial),"167,860,683",
"Tillu Anna DJ Pedithe Lyrical | DJ Tillu Songs | Siddhu, Neha Shetty |Vimal Krishna |Ram Miriyala","166,531,391",
"J.Balvin, Karol G, Nicky Jam, Crissin, Totoy El Frio, Natan & Shander - Poblado","166,240,152",
Sean Kingston - Beautiful Girls (Official HD Video),"165,452,164",
"Manike:Thank God | Nora Fatehi, Sidharth M | Tanishk,Yohani,Jubin,Surya R | Rashmi Virag | Bhushan K","165,094,039",
ILLSLICK - ‡∏Ñ‡∏≥‡πÜ‡πÄ‡∏î‡∏µ‡∏¢‡∏ß Feat. LILY [Official Music Video],"164,913,610",
Major Lazer & DJ Snake - Lean On (feat. M√ò) (Official Music Video),"164,520,097",
"Diles - Bad Bunny, Ozuna, Farruko, Arcangel, √ëengo Flow","164,255,290",
"Saami Saami Full Song | Pushpa Songs | Allu Arjun, Rashmika | DSP | Mounika Yadav | Sukumar","164,168,605",
"Sabki Baaratein Aayi | Zaara Yesmin | Parth Samthaan | Dev Negi, Seepi Jha | Raaj |Tips Official","163,923,840",
King - Tu Aake Dekhle | The Carnival | The Last Ride | Prod. by Shahbeatz | Latest Hit Songs 2020,"163,739,730",
"Bruno Mars, Anderson .Paak, Silk Sonic - Leave the Door Open [Official Video]","162,605,130",
Aqua - Barbie Girl (Official Music Video),"162,315,607",
Bad Bunny - Neverita (Video Oficial) | Un Verano Sin Ti,"162,279,602",
Lehanga : Jass Manak (Official Video) Satti Dhillon | Punjabi Songs | GK Digital | Geet MP3,"162,138,355",
"NAYEON ""POP!"" M/V","162,123,625",
The Weeknd - Starboy ft. Daft Punk (Official Video),"161,816,520",
Justin Bieber - Ghost,"161,543,600",
Mora x Bad Bunny x Sech - Volando Remix (Video Oficial),"161,316,158",
VILLANO ANTILLANO || BZRP Music Sessions #51,"161,284,464",
Danny Ocean - Me Reh√∫so (Official Audio),"161,082,699",
"TWICE ""The Feels"" M/V","161,073,813",
Arctic Monkeys - Do I Wanna Know? (Official Video),"160,882,219",
In The End [Official HD Music Video] - Linkin Park,"160,087,912",
Imagine Dragons - Thunder,"158,325,122",
Waka Waka (Esto es Africa) (Cancion Oficial de la Copa Mundial de la FIFAÔøΩ Sudafrica 2010),"158,011,010",
"Thoda Thoda Pyaar | Sidharth Malhotra,Neha Sharma|Stebin Ben,Nilesh Ahuja,Kumaar|Zee Music Originals","157,862,254",
"Besharam Rang Song | Pathaan | Shah Rukh Khan, Deepika Padukone | Vishal & Sheykhar | Shilpa, Kumaar","157,794,015",
Amy Winehouse - Back To Black,"157,469,133",
ZAYN - Dusk Till Dawn (Official Video) ft. Sia,"157,432,128",
"Justin Bieber - Peaches ft. Daniel Caesar, Giveon","156,775,129",
George Michael - Careless Whisper (Official Video),"156,697,591",
‡∏ô‡∏∞‡∏´‡∏ô‡πâ‡∏≤‡∏ó‡∏≠‡∏á - ‡πÇ‡∏à‡∏≠‡∏µ‡πâ ‡∏†‡∏π‡∏ß‡∏®‡∏¥‡∏©‡∏ê‡πå (JOEY PHUWASIT)„ÄåOfficial MV„Äç,"156,498,977",
Grupo Firme - Carin Leon - El Toxico - (Video Oficial),"156,142,295",
Coldplay - Yellow (Official Video),"156,120,826",
Z√© Felipe e MC Danny - Toma Toma Vapo Vapo (Videoclipe Oficial),"156,030,973",
Badshah - Jugnu (Official Video) | Nikhita Gandhi | Akanksha Sharma,"155,856,710",
Auli'i Cravalho - How Far I'll Go (from Moana/Official Video),"155,815,901",
Henrique e Juliano - SEU PERFIL - DVD Manifesto Musical,"155,513,354",
IVE ÏïÑÏù¥Î∏å 'After LIKE' MV,"154,735,408",
The Weeknd - The Hills (Official Video),"154,415,988",
Pharrell Williams - Happy (Video),"154,359,634",
"Anuel AA, Daddy Yankee, Karol G, Ozuna & J Balvin - China (Video Oficial)","154,309,995",
Ricardo Arjona - Historia De Taxi (Video),"154,207,356",
Maroon 5 - Girls Like You ft. Cardi B (Volume 2) (Official Music Video),"153,940,165",
Terre Pyaar Mein (Official Video) | Surroor 2021 The Album | Himesh Reshammiya | Shivangi Verma,"153,931,542",
Maluma - Sobrio (Official Video),"153,662,763",
AURORA - Runaway,"153,339,137",
Bullettu Bandi | Mohana Bhogaraju | Vinay Shanmukh | SK Baji | Laxman | Bluerabbit Entertainment,"153,247,296",
"Los √Ångeles Azules, NICKI NICOLE - Otra Noche","152,975,465",
DJ Snake - Let Me Love You ft. Justin Bieber,"152,802,221",
Full Video: Papa Mere Papa | Main Aisa Hi Hoon | Sushmita Sen | Himesh Reshammiya,"152,277,055",
Marshmello - Alone (Official Music Video),"152,193,519",
"Becky G, Bad Bunny - Mayores (Official Video)","151,617,792",
"Stray Kids ""MANIAC"" M/V","151,461,682",
TIAGO PZK || BZRP Music Sessions #48,"151,221,608",
"Lady Gaga, Bradley Cooper - Shallow (from A Star Is Born) (Official Music Video)","151,074,369",
Backstreet Boys - I Want It That Way (Official HD Video),"151,005,179",
Jessi (Ï†úÏãú) - 'ZOOM' MV,"150,831,367",
"Shakira, Ozuna - Monoton√≠a (Official Video)","150,582,617",
(Ïó¨Ïûê)ÏïÑÏù¥Îì§((G)I-DLE) - 'Nxde' Official Music Video,"150,454,402",
Ed Sheeran - Thinking Out Loud (Official Music Video),"150,321,383",
"Tip Tip Song: Sooryavanshi | Akshay Kumar, Katrina Kaif | Udit N, Alka Y, Tanishk | Rohit Shetty","149,439,083",
Charlie Puth - We Don't Talk Anymore (feat. Selena Gomez) [Official Video],"149,312,104",
Maroon 5 - Girls Like You ft. Cardi B (Official Music Video),"148,620,023",
"Dalex - Hola Remix ft. Lenny Tav√°rez, Chencho Corleone, Juhn ""El All Star"" (Video L√≠rico Oficial)","148,468,384",
French Montana - Unforgettable ft. Swae Lee,"148,086,003",
Feid - Feliz Cumplea√±os Ferxxo (Official Video),"147,686,415",
Sia - Cheap Thrills (Performance Edit),"147,533,554",
Maiara e Maraisa & Mar√≠lia Mendon√ßa - Presepada,"146,977,220",
BTS (Î∞©ÌÉÑÏÜåÎÖÑÎã®) 'Permission to Dance' Official MV,"146,808,283",
Paulo Londra - Tal Vez (Official Video),"146,764,318",
BLACKPINK - 'How You Like That' M/V,"146,473,130",
Radiohead - Creep,"146,333,513",
Boney M. - Rasputin (Sopot Festival 1979),"146,221,001",
#Video | #Pawan Singh New Song | ‡§≤‡§æ‡§≤ ‡§ò‡§æ‡§ò‡§∞‡§æ | Lal Ghaghra | Shilpi Raj | Namrita Malla| Bhojpuri Gana,"146,034,979",
Madonna - La Isla Bonita (Official Video),"145,953,146",
"J Balvin, Willy William - Mi Gente (Official Video)","145,354,777",
"Atrangi Re: Chaka Chak Full Video |@ARRahman| Akshay K, Sara A K, Dhanush, Shreya G, Bhushan K","145,200,623",
Kep1er ÏºÄÌîåÎü¨ | ‚ÄòWA DA DA‚Äô M/V,"145,118,110",
HA-ASH - Lo Aprend√≠ de Ti (Primera Fila - Hecho Realidad [En Vivo]),"144,719,446",
Bad Bunny - Efecto (360¬∞ Visualizer) | Un Verano Sin Ti,"144,641,365",
Akon - Smack That (Official Music Video) ft. Eminem,"144,608,883",
Pooh Shiesty - Back In Blood (feat. Lil Durk) [Official Music Video],"144,421,375",
Maria Becerra - OJALA (Official Video),"144,364,993",
La Oreja de Van Gogh - Rosas (V√≠deo Oficial),"143,990,074",
Eminem - The Real Slim Shady (Official Video - Clean Version),"143,908,889",
Ed Sheeran - Shivers [Official Video],"143,758,199",
Burna Boy - Last Last [Official Music Video],"143,357,695",
"Christian Nodal, √Ångela Aguilar - Dime C√≥mo Quieres (Video Oficial)","143,310,305",
Akon - Lonely (Official Music Video),"143,277,970",
"The Call | Season 2022 Cinematic - League of Legends (ft. 2WEI, Louis Leibfried, and Edda Hayes)","142,931,198",
BAMB AAGYA (Official Video) Gur Sidhu | Jasmine Sandlas | Kaptaan |New Punjabi Song 2022,"142,617,112",
GOT the beat Í∞ì Îçî ÎπÑÌä∏ 'Step Back' Stage Video,"142,418,183",
(Everything I Do) I Do It For You (Official Music Video),"142,340,210",
Cyndi Lauper - Girls Just Want To Have Fun (Official Video),"142,333,879",
Michael Jackson - Smooth Criminal (Official Video),"142,196,510",
Ishq Nahi Karte (Video) Emraan Hashmi | B Praak | Jaani | Sahher B | Raj Jaiswal | New Sad Song 2022,"142,086,263",
Aventura - Ella y Yo (ft. Don Omar),"141,744,599",
"Lil Nas X, Jack Harlow - INDUSTRY BABY (Official Video)","141,528,336",
Lady Gaga - Bad Romance (Official Music Video),"141,385,245",
Santa Fe Klan - As√≠ Soy,"141,276,201",
P!nk - Just Give Me A Reason ft. Nate Ruess,"140,670,286",
Rauw Alejandro‚ùåChencho Corleone FT. Kevvo ‚ùå Bryant Myers‚ùåLyanno ‚ùåDalex - El Efecto RMX (VIDEO LYRIC),"140,630,314",
"Vaaste Song: Dhvani Bhanushali, Tanishk Bagchi | Nikhil D | Bhushan Kumar | Radhika Rao, Vinay Sapru","140,471,743",
Guns N' Roses - Sweet Child O' Mine (Official Music Video),"140,228,915",
"Santa Fe Klan, Nanpa Basico - Te Ire A Buscar","140,162,843",
MC Poze do Rodo ft. Filipe Ret - Me Sinto Aben√ßoado (prod. Ajaxx),"139,850,480",
"TINI, L-Gante - Bar (Video Oficial)","139,725,171",
Namo Namo - Lyrical | Kedarnath | Sushant Rajput | Sara Ali Khan | Amit Trivedi | Amitabh B,"139,312,275",
Evanescence - Bring Me To Life (Official Music Video),"139,233,301",
Nelly Furtado - Say It Right (Official Music Video),"139,016,692",
Imagine Dragons & JID - Enemy (from the series Arcane: League of Legends) | Official Music Video,"137,628,318",
Romeo Santos - Propuesta Indecente (Official Video),"137,059,724",
Audioslave - Like a Stone (Official Video),"136,946,287",
BLACKPINK - ‚ÄòPink Venom‚Äô DANCE PRACTICE VIDEO,"136,819,118",
XXXTENTACION - MOONLIGHT (OFFICIAL MUSIC VIDEO),"136,780,599",
"MOVIE: Dhokha Song | Arijit Singh | Khushalii Kumar, Parth, Nishant, Manan B, Mohan S V, Bhushan K","136,763,730",
J BALVIN x BAD BUNNY - LA CANCI√ìN | OASIS (Video Oficial),"136,620,617",
"Video: Mast Nazron Se | Rochak K ft Jubin Nautiyal, Nikita Dutta | Manoj M | Ashish P | Bhushan K","136,372,670",
"Gera MX, Christian Nodal - Botella Tras Botella (Video Oficial)","136,268,538",
"Shawn Mendes, Camila Cabello - Se√±orita","136,145,989",
Gusttavo Lima - Fala Mal de Mim (Ao Vivo em Macei√≥),"136,141,922",
Camila Cabello ft. Ed Sheeran - Bam Bam (Official Music Video),"136,077,429",
Bon Jovi - It's My Life (Official Music Video),"135,842,570",
Lady Gaga - Poker Face (Official Music Video),"135,697,341",
"Param Sundari -Official Video | Mimi | Kriti Sanon, Pankaj Tripathi | @ARRahman| Shreya |Amitabh","135,462,826",
Jorge & Mateus - Molhando o Volante (Clipe Oficial),"135,431,186",
"ROSAL√çA, J Balvin - Con Altura (Official Video) ft. El Guincho","135,376,251",
Lady Gaga - Hold My Hand (From ‚ÄúTop Gun: Maverick‚Äù) [Official Music Video],"135,082,050",
Myke Towers x @JuhnTV - BANDIDO (Video Oficial),"134,650,051",
Marshmello ft. Bastille - Happier (Official Music Video),"134,535,416",
RESIDENTE || BZRP Music Sessions #49,"134,367,320",
Lamis Kan - Mesaytara (Official Music Video)| ŸÑŸÖŸäÿ≥ ŸÉÿßŸÜ - ŸÖÿ≥Ÿäÿ∑ÿ±ÿ© #lamiskan #mesaytara #ŸÖÿ≥Ÿäÿ∑ÿ±ÿ©,"133,967,345",
LE SSERAFIM FEARLESS OFFICIAL M/V,"133,571,774",
Farruko - Pepas (Audio),"133,515,575",
BTS (Î∞©ÌÉÑÏÜåÎÖÑÎã®) 'IDOL' Official MV,"133,379,740",
"Black Eyed Peas, Shakira, David Guetta - DON'T YOU WORRY (Official Music Video)","133,110,296",
Aashiquii Kaa Gum (Studio Version) |Himesh Ke Dil Se The Album| Himesh Reshammiya |Salman Ali |,"133,009,388",
"Sara Paula G√≥mez Arias - Cu√°n lejos voy (De ""Moana"")","132,590,323",
Bruno Mars - Locked Out Of Heaven (Official Music Video),"132,465,407",
"COCO COLA (Full Song) | Ruchika Jangid, Kay D | New Haryanvi Songs Haryanavi 2022 | Nav Haryanvi","132,092,530",
Paulo Londra ft Lenny Tavarez - Nena Maldicion (Official Video),"131,978,027",
"Maari 2 - Rowdy Baby (Video Song) | Dhanush, Sai Pallavi | Yuvan Shankar Raja | Balaji Mohan","131,967,082",
Bruno Mars - That‚Äôs What I Like [Official Music Video],"131,942,558",
Judge : Mankirt Aulakh (Official Video) New Punjabi Song Latest Punjabi Songs 2022 | Sky Digital,"131,857,840",
Pardesi Pardesi | Udit Narayan | Alka Yagnik | Sapna Awasthi | Raja Hindustani | 1996,"131,723,658",
"Bachpan Ka Pyaar (Official Video) Badshah, Sahdev Dirdo, Aastha Gill, Rico","131,674,780",
Coldplay - Paradise (Official Video),"131,636,314",
Mar√≠lia Mendon√ßa & Maiara e Maraisa - Cora√ß√£o Bandido (Official Music Video),"131,488,629",
Sherine ‚Ä¶ Kollaha Ghayrana - 2021 | ÿ¥Ÿäÿ±ŸäŸÜ ‚Ä¶ ŸÉŸÑŸáÿß ÿ∫Ÿäÿ±ÿßŸÜÿ©,"131,484,157",
Eminem - Venom,"131,388,176",
Adele - Someone Like You (Official Music Video),"131,384,018",
The Cranberries - Zombie (Official Music Video),"131,307,571",
"Lady Gaga, Bradley Cooper - Shallow (From A Star Is Born/Live From The Oscars)","131,299,441",
"Full Song: KHAIRIYAT (BONUS TRACK) | CHHICHHORE | Sushant, Shraddha | Pritam, Amitabh B|Arijit Singh","131,105,126",
BAD BUNNY - AMORFODA (Video Oficial),"131,100,196",
"Anuel AA, KAROL G - Secreto","130,964,245",
"Bullet Song Lyrical (Telugu) | The Warriorr | Ram Pothineni, Krithi Shetty | Simbu | DSP | Lingusamy","130,921,918",
One Direction - Night Changes,"130,796,907",
"Usher - Yeah! (Official Video) ft. Lil Jon, Ludacris","130,500,174",
Christian Nodal - Adi√≥s Amor (Video Oficial),"130,409,693",
"ULTRA SOLO REMIX - Polim√° Westcoast, Pailita, Paloma Mami, Feid, De la Ghetto (Video Oficial)","130,353,151",
Clean Bandit - Rockabye (feat. Sean Paul & Anne-Marie) [Official Video],"130,351,125",
MAGIC! - Rude (Official Video),"129,982,084",
Shawn Mendes - Treat You Better,"129,573,411",
Gangubai Kathiawadi | Dholida | Sanjay Leela Bhansali | Alia Bhatt | Official Video | Ajay Devgn,"129,560,274",
Abhi Toh Party Shuru Hui Hai' FULL VIDEO Song | Khoobsurat | Badshah | Aastha,"129,373,797",
Daddy Yankee x El Alfa x Lil Jon - Bomb√≥n (Official Video),"129,129,398",
Lewis Capaldi - Someone You Loved,"128,828,152",
Harry Styles - Sign of the Times (Official Video),"128,771,261",
GOAT (Full Video) Sidhu Moose Wala | Wazir Patar | Sukh Sanghera | Moosetape,"128,769,932",
Mc Artisan - Glock Ft Didine Canon 16 ( Prod. By Croww & Exyth),"128,566,215",
Romeo Santos - La Diabla/Mi Santa ft. Tomatito,"128,323,318",
Karol G - A Ella (Official Video),"128,004,554",
"LMFAO - Party Rock Anthem ft. Lauren Bennett, GoonRock","127,865,755",
The Weeknd - Blinding Lights (Official Video),"127,769,993",
Z√© Felipe e MC Mari - Bandido (Videoclipe Oficial),"127,733,292",
Marc Segu√≠ - Tiroteo Remix ft. Rauw Alejandro y Pol Granch (Videoclip Oficial),"127,704,251",
Bruno Mars - When I Was Your Man (Official Music Video),"127,628,577",
"#SaamiSaami (Tamil) Lyrical | Pushpa Songs | Allu Arjun, Rashmika | DSP | Senthiganesh | Sukumar","127,539,222",
BAD BUNNY x DRAKE - M√çA (Video Oficial),"127,458,124",
"Luis √Ångel G√≥mez Jaramillo, Gael Garc√≠a Bernal - Un Poco Loco (De ""Coco"")","127,451,200",
Badshah - Paani Paani | Jacqueline Fernandez | Official Music Video | Aastha Gill | Trending Songs,"127,411,895",
"HD VIDEO | ‡§ï‡•Å‡§Å‡§µ‡§æ‡§∞‡•á ‡§Æ‡•á‡§Ç ‡§ó‡§Ç‡§ó‡§æ ‡§®‡§π‡§à‡§≤‡•á ‡§¨‡§æ‡§®‡•Ä | Ankush Raja , Shilpi Raj | Bhojpuri Song 2021","127,196,456",
Calum Scott - You Are The Reason (Official Video),"126,471,424",
"Idina Menzel, AURORA - Into the Unknown (From ""Frozen 2"")","126,435,166",
The Chainsmokers - Don't Let Me Down (Official Video) ft. Daya,"126,038,684",
"Tainy, Bad Bunny, Julieta Venegas - Lo Siento BB:/ (Official Video)","125,969,003",
Metallica: Nothing Else Matters (Official Music Video),"125,905,996",
Charlie Puth - Light Switch [Official Music Video],"125,829,050",
ROSAL√çA - LA FAMA (Official Video) ft. The Weeknd,"125,789,035",
BLACKPINK - 'Ice Cream (with Selena Gomez)' M/V,"125,744,477",
BAD BUNNY x ROSAL√çA - LA NOCHE DE ANOCHE (Video Oficial),"125,658,587",
So High | Official Music Video | Sidhu Moose Wala ft. BYG BYRD | Humble Music,"125,631,280",
Hozier - Take Me To Church,"125,592,257",
Ariana Grande - 7 rings (Official Video),"125,223,343",
The Black Eyed Peas - Where Is The Love? (Official Music Video),"125,145,993",
Feid - Normal (Official Video),"125,097,892",
Sia - Unstoppable (Official Video - Live from the Nostalgic For The Present Tour),"125,072,361",
"CAN'T STOP THE FEELING! (from DreamWorks Animation's ""TROLLS"") (Official Video)","124,891,198",
Billie Eilish - Happier Than Ever (Official Music Video),"124,740,556",
twenty one pilots - Ride (Official Video),"124,619,909",
Mariah Carey - All I Want for Christmas Is You (Make My Wish Come True Edition),"124,557,569",
Tierry - CABE√áA BRANCA ( DVD / O Pai das Crian√ßas),"124,476,608",
Fifth Harmony - Work from Home (Official Video) ft. Ty Dolla $ign,"124,374,849",
ITZY ‚ÄúSNEAKERS‚Äù M/V @ITZY,"124,361,448",
Bon Jovi - Livin' On A Prayer,"124,336,346",
Tesher x Jason Derulo - Jalebi Baby (Official Video),"124,172,306",
Lukas Graham - 7 Years [Official Music Video],"124,014,689",
Willy William - Ego (Clip Officiel),"123,939,691",
Eminem - Stan (Long Version) ft. Dido,"123,725,082",
Fireboy DML & Ed Sheeran - Peru (Official Video),"123,690,243",
"Ozuna, Feid - Hey Mor (Video Oficial) | Ozutochi","123,518,326",
Indila - Derni√®re Danse (Clip Officiel),"123,438,956",
"Poesia Ac√∫stica #6 - Era Uma Vez - Mc Cabelinho, Orochi, Bob, Maquiny, Azzy, Filipe Ret, Dudu, Xam√£","123,232,546",
"Los √Ångeles Azules, Belinda, Lalo Ebratt - Amor A Primera Vista ft. Horacio Palencia","123,219,381",
POP SMOKE - DIOR (OFFICIAL VIDEO),"123,072,730",
Europe - The Final Countdown (Official Video),"123,057,588",
"Bhool Bhulaiyaa (Full Movie) Akshay Kumar, Vidya Balan, Shiney A, Paresh R, Priyadarshan | Bhushan K","123,023,504",
"Full Song: O SAKI SAKI | Batla House | Nora Fatehi, Tanishk B,Neha K,Tulsi K, B Praak,Vishal-Shekhar","122,750,713",
"Jessie J, Ariana Grande, Nicki Minaj - Bang Bang (Official Video)","122,438,639",
Tyga - Taste (Official Video) ft. Offset,"122,208,443",
"TWICE ""Talk that Talk"" M/V","122,131,179",
The Police - Every Breath You Take (Official Video),"122,119,239",
Sub Urban - Cradles [Official Music Video],"122,011,891",
Khalid - Better (Official Video),"121,912,935",
Mike Posner - I Took A Pill In Ibiza (Seeb Remix) (Explicit),"121,739,896",
Imagine Dragons - Bones (Official Music Video),"121,733,976",
"Stray Kids ""ÏÜåÎ¶¨Íæº(Thunderous)"" M/V","121,513,132",
Razzi Bolja ‡•§ ‡§∞‡§æ‡§ú‡•ç‡§ú‡•Ä ‡§¨‡•ã‡§≤ ‡§ú‡§æ ‡•§ Uttar Kumar & Bhaviya ‡•§ Harjeet Deewana | Haryanvi Song,"121,495,755",
"Where You Are (From ""Moana""/Sing-Along)","121,392,903",
BTS (Î∞©ÌÉÑÏÜåÎÖÑÎã®) 'FAKE LOVE' Official MV,"121,270,758",
Jay Wheeler - La Curiosidad ft. Myke Towers (Official Video),"120,973,917",
Paulo Londra - Adan y Eva (Official Video),"120,794,264",
Halsey - Without Me,"120,740,843",
"Olga Luc√≠a Vives, Yaneth Waldman, Elenco de Encanto - La familia Madrigal (De ""Encanto"")","120,454,067",
Taylor Swift - You Belong With Me,"120,411,691",
Calibre 50 - Si Te Pudiera Mentir,"120,213,194",
BLACKPINK - 'ÎßàÏßÄÎßâÏ≤òÎüº (AS IF IT'S YOUR LAST)' M/V,"120,180,169",
"Black Eyed Peas, Shakira - GIRL LIKE ME (Official Music Video)","120,059,812",
Coldplay - Adventure Of A Lifetime (Official Video),"119,972,416",
IVE ÏïÑÏù¥Î∏å 'ELEVEN' MV,"119,944,922",
Eminem - Not Afraid,"119,928,558",
"Meri Zindagi Hai Tu (Song) Satyameva Jayate 2 | John A, Divya K | Rochak ft Jubin, Neeti | Manoj M","119,839,605",
R.E.M. - Losing My Religion (Official Music Video),"119,679,533",
"Tainy, J. Balvin - Agua (Music From ""Sponge On The Run"" Movie)","119,464,041",
Queen ‚Äì Bohemian Rhapsody (Official Video Remastered),"119,358,260",
KAROL G - 200 Copas (Official Video),"119,270,612",
Fugees - Killing Me Softly With His Song (Official Video),"118,984,607",
The Chainsmokers - Closer (Lyric) ft. Halsey,"118,581,078",
James Arthur - Say You Won't Let Go,"118,469,208",
Gali Gali Full Video Song | KGF | Neha Kakkar | Mouni Roy | Tanishk Bagchi | Rashmi Virag |T-SERIES,"118,388,664",
"Arc√°ngel, Sech - Sigues Con √âl (Video Oficial)","118,175,955",
Justin Bieber - Sorry (PURPOSE : The Movement),"118,156,598",
PAULO LONDRA || BZRP Music Sessions #23,"118,070,749",
Ranjithame - Varisu Lyric Song (Tamil) | Thalapathy Vijay | Rashmika | Vamshi Paidipally | Thaman S,"117,882,601",
Imran Khan - Amplifier (Official Music Video),"117,494,844",
Burak Bulut & Kurtulu≈ü Ku≈ü & Mustafa Ceceli feat. ƒ∞rem Derici - Rastgele,"117,278,924",
The Verve - Bitter Sweet Symphony,"117,205,211",
Doja Cat - Kiss Me More (Official Video) ft. SZA,"117,185,853",
Selena - Como La Flor (Live From Astrodome),"117,013,709",
"Maiyya Mainu - Lyrical | Jersey | Shahid Kapoor, Mrunal Thakur| Sachet-Parampara| Shellee | Gowtam T","116,996,858",
"‡§∏‡§Ç‡§ï‡§ü‡§Æ‡•ã‡§ö‡§® ‡§π‡§®‡•Å‡§Æ‡§æ‡§® ‡§Ö‡§∑‡•ç‡§ü‡§ï, Sankat Mochan Hanuman Ashtak,HARIHARAN,Hindi, English Lyrics, Hanuman Chalisa","116,928,792",
PEDRO SAMPAIO - GALOPA (COREOGRAFIA OFICIAL),"116,881,158",
"KAROL G, Nicki Minaj - Tusa (Official Video)","116,629,926",
Natalia Lafourcade - Hasta la Ra√≠z,"116,191,758",
Crazy Frog - Crazy Frog In The House (Official Video),"116,098,030",
BLACKPINK - 'Lovesick Girls' M/V,"115,989,760",
Kate Bush - Running Up That Hill - Official Music Video,"115,937,161",
Sia - Chandelier (Official Video),"115,721,985",
Carla Morrison - Disfruto (letra),"115,477,405",
Official Video: Humnava Mere Song | Jubin Nautiyal | Manoj Muntashir | Rocky - Shiv | Bhushan Kumar,"115,367,261",
Sefo - Bilmem Mi? (prod.by Aerro),"115,179,400",
Justin Timberlake - Mirrors (Official Video),"115,038,680",
Justin Bieber - Intentions (Official Video (Short Version)) ft. Quavo,"115,016,178",
MC Paiva e MC Ryan SP - Casei Com a Putaria (Love Funk) Kotim,"114,591,860",
BLACKPINK X PUBG MOBILE - ‚ÄòReady For Love‚Äô M/V,"114,536,312",
aespa ÏóêÏä§Ìåå 'Girls' MV,"114,413,402",
Michael Jackson - Beat It (Official 4K Video),"114,018,173",
Julianno Sosa -Cochinae X King Savagge (Video official),"113,960,795",
Hungria Hip Hop - Amor e F√© (Official Music Video) #CheiroDoMato,"113,844,284",
Akon - Right Now (Na Na Na) (Official Video),"113,758,646",
OneRepublic - I Ain‚Äôt Worried (From ‚ÄúTop Gun: Maverick‚Äù) [Official Music Video],"113,658,961",
Grupo Firme - Luis Mexia - Calidad (Video Oficial),"113,555,999",
Victor Cibrian - En El Radio Un Cochinero (Lluvia De Balas) [Official Video],"113,229,792",
"Sofia Reyes , @MariaBecerraMusic - Marte [Official Music Video]","113,043,480",
[CHOREOGRAPHY] BTS (Î∞©ÌÉÑÏÜåÎÖÑÎã®) 'Butter' Special Performance Video,"112,670,295",
"Tainy, Anuel AA, Ozuna - Adicto (Official Video)","112,324,557",
"Tiago PZK, LIT killah - Entre Nosotros (Video Oficial)","112,315,854",
Rauw Alejandro & Camilo - Tattoo Remix (Video Oficial),"112,295,515",
Burak Bulut & Ebru Ya≈üar & Kurtulu≈ü Ku≈ü - ƒ∞√ßime Ata Ata,"112,106,409",
Olivia Rodrigo - deja vu (Official Video),"112,017,087",
BTS (Î∞©ÌÉÑÏÜåÎÖÑÎã®) 'DNA' Official MV,"111,882,642",
DJ Snake - Disco Maghreb (Official Music Video),"111,689,843",
"Rusherking, Tiago PZK, KHEA, LIT Killah, Duki, Maria Becerra - ADEMAS DE MI REMIX (Official Video)","111,327,285",
Christian Nodal - De Los Besos Que Te Di (Video Oficial),"111,181,478",
Natti Natasha ‚ùå Ozuna - Criminal [Official Video],"111,168,427",
Beyonc√© - Halo,"111,108,340",